{
    "kws_lp": {
        "model_id": 0,
        "ring_buffer_size": 4,
        "save_path": ".",
        "save_enable": 0,
        "engine_buffer_size": 48,
        "default_mode": 0,
        "command": {
            "fa": "0.4",
            "fa_table": [
                6.33,
                5.38,
                4.2,
                3.84,
                2.62,
                1.52,
                0.88,
                0.35,
                -0.06,
                -0.9
            ],
            "command_tag": "ivm"
        },
        "bunch_frame_num": 12,
        "timeout": 20,
        "wakeup": {
            "wuws": [
                {
                    "fa_table": [
                        4.03,
                        2.86,
                        2.24,
                        2.05,
                        1.41,
                        0.61,
                        0.13,
                        -0.27,
                        -0.52,
                        -1.15
                    ],
                    "wuw": "你好魔方"
                }
            ],
            "fa_second": "0.4",
            "fa_sleep": "0.04",
            "time_second_wakeup": 5,
            "fa": "0.2",
            "time_to_sleep": 300
        },
        "start_end_time_enable": 1,
        "stack_size": 3,
        "log": 1
    },
    "audio_stream": {
        "frame": 16,
        "save_enable": 0,
        "channels": 2,
        "rate": 16000,
        "save_path": ".",
        "time_out": 16,
        "bits": 16,
        "stack_size": 4,
        "out_frame": 16
    },
    "log": 2,
    "uploader": {
        "enable": 0
    },
    "audio_adapter": {
        "in_channels": 2,
        "out_rules": "1",
        "samples": 256,
        "out_channels": 1
    }
}