{
  "log": 6,
  "audio_stream": {
    "time_out": 16,
    "channels": 2,
    "stack_size": 4,
    "rate": 16000,
    "bits": 16,
    "frame": 16,
    "out_frame": 16,
    "save_enable": 0,
    "save_path": "."
  },
  "uploader": {
    "enable": 0
  },
  "ssp": {
    "config_path": "",
    "total_chs": 2,
    "aec_enable": 0,
    "aec_model": 0,
    "samples": 256,
    "mic_rules": "1",
    "save_enable": 0,
    "save_path": ""
  },
  "kws_lp": {
    "log": 1,
    "engine_buffer_size": 37,
    "default_mode": 0,
    "stack_size": 3,
    "ring_buffer_size": 4,
    "timeout": 10,
    "start_end_time_enable": 1,
    "auto_clear_when_start": 0,
    "auto_clear_when_result": 1,
    "bunch_frame_num": 12,
    "save_enable": 0,
    "save_path": ".",
    "wakeup": {
      "fa": "0.4",
      "fa_second": "0.8",
      "fa_sleep": "0.05",
      "time_to_sleep": 300,
      "time_second_wakeup": 5,
      "wuws": [
        {
          "wuw": "你好魔方",
          "fa_table": [
            12.82,
            11.89,
            10.09,
            9.41,
            8.41,
            7.4,
            6.76,
            6.35,
            6.05,
            5.4
          ]
        }
      ]
    },
    "command": {
      "command_tag": "ivm",
      "fa": "0.8",
      "command_custom": [
        {
          "word": "开机",
          "fa": "0.05"
        },
        {
          "word": "关机",
          "fa": "0.2"
        }
      ],
      "fa_table": [
        7.48,
        6.44,
        5.32,
        5.0,
        3.92,
        2.73,
        2.0,
        1.48,
        1.06,
        0.16
      ]
    }
  }
}