[{"reply": ["已是最大音量"], "pcm": ["101.pcm"], "cmd": "UNI_LOCAL_TONE_MAX_VOLUME", "hash": [2407815], "cmd_word": ["NULL"]}, {"reply": ["已是最小音量"], "pcm": ["102.pcm"], "cmd": "UNI_LOCAL_TONE_MIN_VOLUME", "hash": [2407815], "cmd_word": ["NULL"]}, {"reply": ["我在", "你说", "有什么可以帮到你"], "pcm": ["103.pcm", "104.pcm", "105.pcm"], "cmd": "wakeup_uni", "hash": [2922110124, 1995692716], "cmd_word": ["你好豆腐", "豆腐豆腐"]}, {"reply": ["有需要再叫我", "那豆腐先离开了"], "pcm": ["106.pcm", "107.pcm"], "cmd": "asr_timeout_uni", "hash": [512164577], "cmd_word": ["asrtimeout"]}, {"reply": ["有需要再叫我", "那豆腐先离开了"], "pcm": ["106.pcm", "107.pcm"], "cmd": "exitUni", "hash": [2497873774, 225883702, 1903994294], "cmd_word": ["退下", "拜拜豆腐", "豆腐拜拜"]}, {"reply": ["豆腐已上线"], "pcm": ["108.pcm"], "cmd": "bringup_uni", "hash": [145120173], "cmd_word": ["bringup"]}, {"reply": ["灯带模式一已打开"], "pcm": ["109.pcm"], "cmd": "LEDOne", "hash": [930081235], "cmd_word": ["模式一"]}, {"reply": ["灯带模式二已打开"], "pcm": ["110.pcm"], "cmd": "LEDTwo", "hash": [930081309], "cmd_word": ["模式二"]}, {"reply": ["灯带模式三已打开"], "pcm": ["111.pcm"], "cmd": "LEDThree", "hash": [930081244], "cmd_word": ["模式三"]}, {"reply": ["灯带已关闭"], "pcm": ["112.pcm"], "cmd": "TurnOffLED", "hash": [2506145354], "cmd_word": ["关闭灯带"]}, {"reply": ["计时已打开"], "pcm": ["113.pcm"], "cmd": "CountTime", "hash": [309816522], "cmd_word": ["开始计时"]}, {"reply": ["向前移动"], "pcm": ["114.pcm"], "cmd": "Forward", "hash": [2392060219], "cmd_word": ["前进"]}, {"reply": ["向后移动"], "pcm": ["115.pcm"], "cmd": "Backward", "hash": [2398553638], "cmd_word": ["后退"]}, {"reply": ["左转弯"], "pcm": ["116.pcm"], "cmd": "Left", "hash": [2435286915], "cmd_word": ["左转"]}, {"reply": ["右转弯"], "pcm": ["117.pcm"], "cmd": "Right", "hash": [2398733358], "cmd_word": ["右转"]}, {"reply": ["停止移动"], "pcm": ["118.pcm"], "cmd": "Stop", "hash": [2385116443], "cmd_word": ["停止"]}, {"reply": ["计时已停止"], "pcm": ["119.pcm"], "cmd": "TimeStop", "hash": [1942278533], "cmd_word": ["计时停止"]}, {"reply": ["音量已调高"], "pcm": ["120.pcm"], "cmd": "volumeUpUni", "hash": [642591547], "cmd_word": ["增大音量"]}, {"reply": ["音量已减小"], "pcm": ["121.pcm"], "cmd": "volumeDownUni", "hash": [182008939], "cmd_word": ["减小音量"]}, {"reply": ["已调至中等音量"], "pcm": ["122.pcm"], "cmd": "volumeMidUni", "hash": [3607692158], "cmd_word": ["中等音量"]}, {"reply": ["已调至最小音量"], "pcm": ["123.pcm"], "cmd": "volumeMinUni", "hash": [4177521358], "cmd_word": ["最小音量"]}, {"reply": ["已调至最大音量"], "pcm": ["124.pcm"], "cmd": "volumeMaxUni", "hash": [268918386], "cmd_word": ["最大音量"]}, {"reply": ["重启中"], "pcm": ["125.pcm"], "cmd": "Reset", "hash": [2504725461], "cmd_word": ["重启"]}]