{"appKey": "ksyykduvb7u72vexppg67nfhmto3gluos5omcwyq", "appType": "HB_M_Plus_SDK_Generator_thirdparty", "language": "cn", "appSecret": "c25a04305e77b7b87487d786ea4bac4c", "version": "20250430002", "local": {"pin_config": [{"function": "SW_CLK", "pin": 1, "memory": "0"}, {"function": "SW_D", "pin": 2, "memory": "0"}, {"function": "GPIO_A25", "params": {"def_voltage": "low"}, "pin": "3", "memory": "0"}, {"function": "GPIO_A26", "params": {"def_voltage": "low"}, "pin": "4", "memory": "0"}, {"function": "GPIO_A27", "params": {"def_voltage": "low"}, "pin": "5", "memory": "0"}, {"function": "GPIO_A28", "params": {"def_voltage": "low"}, "pin": "6", "memory": "0"}, {"function": "GPIO_B6", "params": {"def_voltage": "low"}, "pin": "7", "memory": "0"}, {"function": "GPIO_B7", "params": {"def_voltage": "low"}, "pin": "8", "memory": "0"}, {"function": "GPIO_B2", "params": {"def_voltage": "low"}, "pin": "21", "memory": "0"}, {"function": "GPIO_B3", "params": {"def_voltage": "low"}, "pin": "22", "memory": "0"}], "welcome": {"text": "豆腐已上线", "type": "custom"}, "micarray": {"field": "far", "aec": "disable", "number": "1", "ssnr": "enable"}, "acoustics_model": {"type": "default"}, "cmd": {"sensitivity": "high", "selfstudy": "disable"}, "action_config": [{"ctrl_items": [{"function": "GPIO_A25", "params": {"duty": 0, "voltage": "high", "data": "", "period": 0, "times": 0}, "actionType": "", "command": "set"}, {"function": "GPIO_A27", "params": {"duty": 0, "voltage": "low", "data": "", "period": 0, "times": 0}, "actionType": "", "command": "set"}, {"function": "GPIO_A26", "params": {"duty": 0, "voltage": "low", "data": "", "period": 0, "times": 0}, "actionType": "", "command": "set"}, {"function": "GPIO_B7", "params": {"duty": 0, "voltage": "low", "data": "", "period": 0, "times": 0}, "actionType": "", "command": "set"}], "action": "LEDOne"}, {"ctrl_items": [{"function": "GPIO_A25", "params": {"duty": 0, "voltage": "low", "data": "", "period": 0, "times": 0}, "actionType": "", "command": "set"}, {"function": "GPIO_A27", "params": {"duty": 0, "voltage": "low", "data": "", "period": 0, "times": 0}, "actionType": "", "command": "set"}, {"function": "GPIO_A26", "params": {"duty": 0, "voltage": "low", "data": "", "period": 0, "times": 0}, "actionType": "", "command": "set"}, {"function": "GPIO_B7", "params": {"duty": 0, "voltage": "low", "data": "", "period": 0, "times": 0}, "actionType": "", "command": "set"}], "action": "LEDTwo"}, {"ctrl_items": [{"function": "GPIO_A27", "params": {"duty": 0, "voltage": "high", "data": "", "period": 0, "times": 0}, "actionType": "", "command": "set"}, {"function": "GPIO_A25", "params": {"duty": 0, "voltage": "low", "data": "", "period": 0, "times": 0}, "actionType": "", "command": "set"}], "action": "LEDThree"}, {"ctrl_items": [{"function": "GPIO_A25", "params": {"duty": 0, "voltage": "high", "data": "", "period": 0, "times": 0}, "actionType": "", "command": "set"}, {"function": "GPIO_A27", "params": {"duty": 0, "voltage": "high", "data": "", "period": 0, "times": 0}, "actionType": "", "command": "set"}], "action": "TurnOffLED"}, {"ctrl_items": [{"function": "GPIO_B2", "params": {"duty": 0, "voltage": "low", "data": "", "period": 0, "times": 0}, "actionType": "", "command": "set"}], "action": "CountTime"}, {"ctrl_items": [{"function": "GPIO_B3", "params": {"duty": 0, "voltage": "low", "data": "", "period": 0, "times": 0}, "actionType": "", "command": "set"}], "action": "Forward"}, {"ctrl_items": [{"function": "GPIO_A26", "params": {"duty": 0, "voltage": "low", "data": "", "period": 0, "times": 0}, "actionType": "", "command": "set"}], "action": "Backward"}, {"ctrl_items": [{"function": "GPIO_A25", "params": {"duty": 0, "voltage": "high", "data": "", "period": 0, "times": 0}, "actionType": "", "command": "set"}], "action": "Left"}, {"ctrl_items": [{"function": "GPIO_A25", "params": {"duty": 0, "voltage": "low", "data": "", "period": 0, "times": 0}, "actionType": "", "command": "set"}], "action": "Right"}, {"ctrl_items": [{"function": "GPIO_A25", "params": {"duty": 0, "voltage": "low", "data": "", "period": 0, "times": 0}, "actionType": "", "command": "set"}], "action": "Stop"}, {"ctrl_items": [{"function": "GPIO_A25", "params": {"duty": 0, "voltage": "low", "data": "", "period": 0, "times": 0}, "actionType": "", "command": "set"}], "action": "TimeStop"}], "wakeup_command": ["模式一", "模式二", "模式三", "关闭灯带", "开始计时", "后退", "左转", "右转", "停止", "计时停止"], "exit": {"reply": ["有需要再叫我", "那豆腐先离开了"], "command": ["退下", "拜拜豆腐", "豆腐拜拜"]}, "custom_setting": {"timeout_time": 10, "timeout_reply": ["有需要再叫我", "那豆腐先离开了"]}, "wakeup": {"reply": ["我在", "你说", "有什么可以帮到你"], "sensitivity": "high", "keyword": ["你好豆腐", "豆腐豆腐"]}}, "custom_voice": {"tone": 50, "vol": 50, "type": "speaker", "bright": 50, "speaker": "kiyo", "spd": 50}}